<profile version="1.0">
  <option name="myName" value="Default" />
  <inspection_tool class="DjangoIncompatibleInspection" enabled="true" level="WARNING" enabled_by_default="false" />
  <inspection_tool class="PyPackageRequirementsInspection" enabled="true" level="WARNING" enabled_by_default="true">
    <option name="ignoredPackages">
      <value>
        <list size="4">
          <item index="0" class="java.lang.String" itemvalue="pysqlite3" />
          <item index="1" class="java.lang.String" itemvalue="python-jose-cryptodome" />
          <item index="2" class="java.lang.String" itemvalue="cryptography" />
          <item index="3" class="java.lang.String" itemvalue="futures" />
        </list>
      </value>
    </option>
  </inspection_tool>
  <inspection_tool class="SqlDialectInspection" enabled="false" level="WARNING" enabled_by_default="false" />
  <inspection_tool class="SqlNoDataSourceInspection" enabled="false" level="WARNING" enabled_by_default="false" />
</profile>