<application>
  <component name="dataSourceStorage" format="xml" multifile-model="true">
    <data-source source="LOCAL" name="PostgreSQL - api_qa@us-east-2" read-only="true" uuid="201fde2b-9b6d-446b-95fc-60f014d2ac23">
      <driver-ref>postgresql</driver-ref>
      <synchronize>true</synchronize>
      <jdbc-driver>org.postgresql.Driver</jdbc-driver>
      <jdbc-url>jdbc:postgresql://pgtest1.cno2mmk5uih1.us-east-2.rds.amazonaws.com:5432/qa</jdbc-url>
    </data-source>
    <data-source source="LOCAL" name="PostgreSQL - api_dev@us-east-2" uuid="a582953b-7459-49ca-8ec7-fec8722f34a8">
      <driver-ref>postgresql</driver-ref>
      <synchronize>true</synchronize>
      <jdbc-driver>org.postgresql.Driver</jdbc-driver>
      <jdbc-url>jdbc:postgresql://pgtest1.cno2mmk5uih1.us-east-2.rds.amazonaws.com:5432/dev</jdbc-url>
    </data-source>
    <data-source source="LOCAL" name="PostgreSQL - local" uuid="6e4e4814-8732-4ef7-8c76-eea7a4247587">
      <driver-ref>postgresql</driver-ref>
      <synchronize>true</synchronize>
      <jdbc-driver>org.postgresql.Driver</jdbc-driver>
      <jdbc-url>jdbc:postgresql://localhost:5432/oct-test-db</jdbc-url>
    </data-source>
    <data-source source="LOCAL" name="PostgreSQL - prod@us-east-1" read-only="true" uuid="b071a8f1-ae10-46ce-b6d1-d4c909ed215c">
      <driver-ref>postgresql</driver-ref>
      <synchronize>true</synchronize>
      <remarks>DON'T WRITE</remarks>
      <jdbc-driver>org.postgresql.Driver</jdbc-driver>
      <jdbc-url>jdbc:postgresql://emagin-us-aurora-prod.crvq8py5pgib.us-east-1.rds.amazonaws.com:5432/postgres</jdbc-url>
    </data-source>
    <data-source source="LOCAL" name="PostgreSQL - prod@ca-central-1" read-only="true" uuid="45e5ae24-3b61-44c9-886d-b6cbeca3251c">
      <driver-ref>postgresql</driver-ref>
      <synchronize>true</synchronize>
      <remarks>DON'T WRITE</remarks>
      <jdbc-driver>org.postgresql.Driver</jdbc-driver>
      <jdbc-url>jdbc:postgresql://emagin-ca-aurora-cluster.cluster-ccwquqryr6z4.ca-central-1.rds.amazonaws.com:5432/emagin</jdbc-url>
    </data-source>
    <data-source source="LOCAL" name="PostgreSQL - prod@eu-west-1" read-only="true" uuid="681ea2b9-fd83-40bd-85b5-cbd068ddc1ce">
      <driver-ref>postgresql</driver-ref>
      <synchronize>true</synchronize>
      <remarks>DON'T WRITE</remarks>
      <jdbc-driver>org.postgresql.Driver</jdbc-driver>
      <jdbc-url>jdbc:postgresql://emagin-eu-aurora-cluster.cluster-cmzcsldtidwi.eu-west-1.rds.amazonaws.com:5432/postgres</jdbc-url>
    </data-source>
  </component>
</application>