<application>
  <component name="ProjectJdkTable">
    <jdk version="2">
      <name value="Python 3.7" />
      <type value="Python SDK" />
      <version value="Python 3.7.2" />
      <homePath value="C:\Program Files (x86)\Python37-32\python.exe" />
      <roots>
        <classPath>
          <root type="composite">
            <root url="file://C:/Program Files (x86)/Python37-32/DLLs" type="simple" />
            <root url="file://C:/Program Files (x86)/Python37-32/Lib" type="simple" />
            <root url="file://C:/Program Files (x86)/Python37-32" type="simple" />
            <root url="file://$USER_HOME$/AppData/Roaming/Python/Python37/site-packages" type="simple" />
            <root url="file://C:/Program Files (x86)/Python37-32/Lib/site-packages" type="simple" />
            <root url="file://$USER_HOME$/.PyCharm2019.2/system/python_stubs/-1384526572" type="simple" />
            <root url="file://$APPLICATION_HOME_DIR$/helpers/python-skeletons" type="simple" />
            <root url="file://$APPLICATION_HOME_DIR$/helpers/typeshed/stdlib/3" type="simple" />
            <root url="file://$APPLICATION_HOME_DIR$/helpers/typeshed/stdlib/2and3" type="simple" />
            <root url="file://$APPLICATION_HOME_DIR$/helpers/typeshed/third_party/3" type="simple" />
            <root url="file://$APPLICATION_HOME_DIR$/helpers/typeshed/third_party/2and3" type="simple" />
          </root>
        </classPath>
        <sourcePath>
          <root type="composite" />
        </sourcePath>
      </roots>
      <additional />
    </jdk>
    <jdk version="2">
      <name value="Python 3.7 (harvi-api)" />
      <type value="Python SDK" />
      <version value="Python 3.7.2" />
      <homePath value="C:\Users\Andre\Documents\Work\harvi-api\env\Scripts\python.exe" />
      <roots>
        <classPath>
          <root type="composite">
            <root url="file://$USER_HOME$/Documents/Work/harvi-api/env/Lib" type="simple" />
            <root url="file://$USER_HOME$/Documents/Work/harvi-api/env/Scripts" type="simple" />
            <root url="file://C:/Program Files (x86)/Python37-32/Lib" type="simple" />
            <root url="file://C:/Program Files (x86)/Python37-32/DLLs" type="simple" />
            <root url="file://$USER_HOME$/Documents/Work/harvi-api/env" type="simple" />
            <root url="file://$USER_HOME$/Documents/Work/harvi-api/env/Lib/site-packages" type="simple" />
            <root url="file://$USER_HOME$/Documents/Work/harvi-api/env/src/dao/dao" type="simple" />
            <root url="file://$USER_HOME$/.PyCharm2019.2/system/python_stubs/-2107411134" type="simple" />
            <root url="file://$APPLICATION_HOME_DIR$/helpers/python-skeletons" type="simple" />
            <root url="file://$APPLICATION_HOME_DIR$/helpers/typeshed/stdlib/3" type="simple" />
            <root url="file://$APPLICATION_HOME_DIR$/helpers/typeshed/stdlib/2and3" type="simple" />
            <root url="file://$APPLICATION_HOME_DIR$/helpers/typeshed/third_party/3" type="simple" />
            <root url="file://$APPLICATION_HOME_DIR$/helpers/typeshed/third_party/2and3" type="simple" />
          </root>
        </classPath>
        <sourcePath>
          <root type="composite" />
        </sourcePath>
      </roots>
      <additional />
    </jdk>
    <jdk version="2">
      <name value="Python 3.7 (darwin2)" />
      <type value="Python SDK" />
      <version value="Python 3.7.2" />
      <homePath value="C:\Users\Andre\Documents\Work\darwin2\env\Scripts\python.exe" />
      <roots>
        <classPath>
          <root type="composite">
            <root url="file://$USER_HOME$/Documents/Work/darwin2/env/Lib" type="simple" />
            <root url="file://$USER_HOME$/Documents/Work/darwin2/env/Scripts" type="simple" />
            <root url="file://C:/Program Files (x86)/Python37-32/Lib" type="simple" />
            <root url="file://C:/Program Files (x86)/Python37-32/DLLs" type="simple" />
            <root url="file://$USER_HOME$/Documents/Work/darwin2/env" type="simple" />
            <root url="file://$USER_HOME$/Documents/Work/darwin2/env/Lib/site-packages" type="simple" />
            <root url="file://$USER_HOME$/.PyCharm2019.2/system/python_stubs/707503280" type="simple" />
            <root url="file://$APPLICATION_HOME_DIR$/helpers/python-skeletons" type="simple" />
            <root url="file://$APPLICATION_HOME_DIR$/helpers/typeshed/stdlib/3" type="simple" />
            <root url="file://$APPLICATION_HOME_DIR$/helpers/typeshed/stdlib/2and3" type="simple" />
            <root url="file://$APPLICATION_HOME_DIR$/helpers/typeshed/third_party/3" type="simple" />
            <root url="file://$APPLICATION_HOME_DIR$/helpers/typeshed/third_party/2and3" type="simple" />
          </root>
        </classPath>
        <sourcePath>
          <root type="composite" />
        </sourcePath>
      </roots>
      <additional />
    </jdk>
    <jdk version="2">
      <name value="Python 3.7 (dao)" />
      <type value="Python SDK" />
      <version value="Python 3.7.2" />
      <homePath value="C:\Users\Andre\Documents\Work\dao\env\Scripts\python.exe" />
      <roots>
        <classPath>
          <root type="composite">
            <root url="file://$USER_HOME$/Documents/Work/dao/env/Lib" type="simple" />
            <root url="file://$USER_HOME$/Documents/Work/dao/env/Scripts" type="simple" />
            <root url="file://C:/Program Files (x86)/Python37-32/Lib" type="simple" />
            <root url="file://C:/Program Files (x86)/Python37-32/DLLs" type="simple" />
            <root url="file://$USER_HOME$/Documents/Work/dao/env" type="simple" />
            <root url="file://$USER_HOME$/Documents/Work/dao/env/Lib/site-packages" type="simple" />
            <root url="file://$USER_HOME$/.PyCharm2019.2/system/python_stubs/129073065" type="simple" />
            <root url="file://$APPLICATION_HOME_DIR$/helpers/python-skeletons" type="simple" />
            <root url="file://$APPLICATION_HOME_DIR$/helpers/typeshed/stdlib/3" type="simple" />
            <root url="file://$APPLICATION_HOME_DIR$/helpers/typeshed/stdlib/2and3" type="simple" />
            <root url="file://$APPLICATION_HOME_DIR$/helpers/typeshed/third_party/3" type="simple" />
            <root url="file://$APPLICATION_HOME_DIR$/helpers/typeshed/third_party/2and3" type="simple" />
          </root>
        </classPath>
        <sourcePath>
          <root type="composite" />
        </sourcePath>
      </roots>
      <additional />
    </jdk>
    <jdk version="2">
      <name value="Python 3.7 (calculator-app)" />
      <type value="Python SDK" />
      <version value="Python 3.7.2" />
      <homePath value="C:\Users\Andre\Documents\Work\calculator-app\env\Scripts\python.exe" />
      <roots>
        <classPath>
          <root type="composite">
            <root url="file://$USER_HOME$/Documents/Work/calculator-app/env/Lib" type="simple" />
            <root url="file://$USER_HOME$/Documents/Work/calculator-app/env/Scripts" type="simple" />
            <root url="file://C:/Program Files (x86)/Python37-32/Lib" type="simple" />
            <root url="file://C:/Program Files (x86)/Python37-32/DLLs" type="simple" />
            <root url="file://$USER_HOME$/Documents/Work/calculator-app/env" type="simple" />
            <root url="file://$USER_HOME$/Documents/Work/calculator-app/env/Lib/site-packages" type="simple" />
            <root url="file://$USER_HOME$/.PyCharm2019.2/system/python_stubs/2128108735" type="simple" />
            <root url="file://$APPLICATION_HOME_DIR$/helpers/python-skeletons" type="simple" />
            <root url="file://$APPLICATION_HOME_DIR$/helpers/typeshed/stdlib/3" type="simple" />
            <root url="file://$APPLICATION_HOME_DIR$/helpers/typeshed/stdlib/2and3" type="simple" />
            <root url="file://$APPLICATION_HOME_DIR$/helpers/typeshed/third_party/3" type="simple" />
            <root url="file://$APPLICATION_HOME_DIR$/helpers/typeshed/third_party/2and3" type="simple" />
          </root>
        </classPath>
        <sourcePath>
          <root type="composite" />
        </sourcePath>
      </roots>
      <additional />
    </jdk>
    <jdk version="2">
      <name value="Python 3.7 (repl-calculator)" />
      <type value="Python SDK" />
      <version value="Python 3.7.2" />
      <homePath value="C:\Users\Andre\Documents\Work\repl-calculator\env\Scripts\python.exe" />
      <roots>
        <classPath>
          <root type="composite">
            <root url="file://$USER_HOME$/Documents/Work/repl-calculator/env/Lib" type="simple" />
            <root url="file://$USER_HOME$/Documents/Work/repl-calculator/env/Scripts" type="simple" />
            <root url="file://C:/Program Files (x86)/Python37-32/Lib" type="simple" />
            <root url="file://C:/Program Files (x86)/Python37-32/DLLs" type="simple" />
            <root url="file://$USER_HOME$/Documents/Work/repl-calculator/env" type="simple" />
            <root url="file://$USER_HOME$/Documents/Work/repl-calculator/env/Lib/site-packages" type="simple" />
            <root url="file://$USER_HOME$/.PyCharm2019.2/system/python_stubs/498702043" type="simple" />
            <root url="file://$APPLICATION_HOME_DIR$/helpers/python-skeletons" type="simple" />
            <root url="file://$APPLICATION_HOME_DIR$/helpers/typeshed/stdlib/3" type="simple" />
            <root url="file://$APPLICATION_HOME_DIR$/helpers/typeshed/stdlib/2and3" type="simple" />
            <root url="file://$APPLICATION_HOME_DIR$/helpers/typeshed/third_party/3" type="simple" />
            <root url="file://$APPLICATION_HOME_DIR$/helpers/typeshed/third_party/2and3" type="simple" />
          </root>
        </classPath>
        <sourcePath>
          <root type="composite" />
        </sourcePath>
      </roots>
      <additional />
    </jdk>
    <jdk version="2">
      <name value="Python 3.7 (dao-mahM5b7u)" />
      <type value="Python SDK" />
      <version value="Python 3.7.2" />
      <homePath value="C:\Users\Andre\.virtualenvs\dao-mahM5b7u\Scripts\python.exe" />
      <roots>
        <classPath>
          <root type="composite">
            <root url="file://$USER_HOME$/.virtualenvs/dao-mahM5b7u/Lib" type="simple" />
            <root url="file://$USER_HOME$/.virtualenvs/dao-mahM5b7u/Scripts" type="simple" />
            <root url="file://C:/Program Files (x86)/Python37-32/Lib" type="simple" />
            <root url="file://C:/Program Files (x86)/Python37-32/DLLs" type="simple" />
            <root url="file://$USER_HOME$/.virtualenvs/dao-mahM5b7u" type="simple" />
            <root url="file://$USER_HOME$/.virtualenvs/dao-mahM5b7u/Lib/site-packages" type="simple" />
            <root url="file://$USER_HOME$/.PyCharm2019.2/system/python_stubs/1052321743" type="simple" />
            <root url="file://$APPLICATION_HOME_DIR$/helpers/python-skeletons" type="simple" />
            <root url="file://$APPLICATION_HOME_DIR$/helpers/typeshed/stdlib/3" type="simple" />
            <root url="file://$APPLICATION_HOME_DIR$/helpers/typeshed/stdlib/2and3" type="simple" />
            <root url="file://$APPLICATION_HOME_DIR$/helpers/typeshed/third_party/3" type="simple" />
            <root url="file://$APPLICATION_HOME_DIR$/helpers/typeshed/third_party/2and3" type="simple" />
          </root>
        </classPath>
        <sourcePath>
          <root type="composite" />
        </sourcePath>
      </roots>
      <additional />
    </jdk>
    <jdk version="2">
      <name value="Pipenv (auth)" />
      <type value="Python SDK" />
      <version value="Python 3.7.2" />
      <homePath value="C:\Users\Andre\.virtualenvs\auth-EEBR76Dz\Scripts\python.exe" />
      <roots>
        <classPath>
          <root type="composite">
            <root url="file://$USER_HOME$/.virtualenvs/auth-EEBR76Dz/Lib" type="simple" />
            <root url="file://$USER_HOME$/.virtualenvs/auth-EEBR76Dz/Scripts" type="simple" />
            <root url="file://C:/Program Files (x86)/Python37-32/Lib" type="simple" />
            <root url="file://C:/Program Files (x86)/Python37-32/DLLs" type="simple" />
            <root url="file://$USER_HOME$/.virtualenvs/auth-EEBR76Dz" type="simple" />
            <root url="file://$USER_HOME$/.virtualenvs/auth-EEBR76Dz/Lib/site-packages" type="simple" />
            <root url="file://$USER_HOME$/.PyCharm2019.2/system/python_stubs/-1278708300" type="simple" />
            <root url="file://$APPLICATION_HOME_DIR$/helpers/python-skeletons" type="simple" />
            <root url="file://$APPLICATION_HOME_DIR$/helpers/typeshed/stdlib/3" type="simple" />
            <root url="file://$APPLICATION_HOME_DIR$/helpers/typeshed/stdlib/2and3" type="simple" />
            <root url="file://$APPLICATION_HOME_DIR$/helpers/typeshed/third_party/3" type="simple" />
            <root url="file://$APPLICATION_HOME_DIR$/helpers/typeshed/third_party/2and3" type="simple" />
          </root>
        </classPath>
        <sourcePath>
          <root type="composite" />
        </sourcePath>
      </roots>
      <additional />
    </jdk>
  </component>
</application>