<keymap version="1" name="Default for Windows copy" parent="$default">
  <action id="EditorDecreaseFontSize">
    <mouse-shortcut keystroke="control button142" />
  </action>
  <action id="EditorIncreaseFontSize">
    <mouse-shortcut keystroke="control button143" />
  </action>
  <action id="GotoTest" />
  <action id="Images.ShowThumbnails" />
  <action id="ReopenClosedTab">
    <keyboard-shortcut first-keystroke="shift ctrl t" />
  </action>
  <action id="RunDashboard.ShowConfigurations" />
  <action id="SplitHorizontally">
    <keyboard-shortcut first-keystroke="shift alt 3" />
  </action>
  <action id="SplitVertically">
    <keyboard-shortcut first-keystroke="shift alt 2" />
  </action>
  <action id="UnsplitAll">
    <keyboard-shortcut first-keystroke="shift alt 1" />
  </action>
</keymap>